{"cameraMode":{"drawMode":0,"name":"Shaded","section":"Shading Mode"},"sceneLighting":true,"audioPlay":false,"sceneViewState":{"showFog":false,"showMaterialUpdate":false,"showSkybox":false,"showFlares":false,"showImageEffects":false,"showParticleSystems":false},"in2DMode":false,"pivot":{"x":1099.25146484375,"y":43.00870132446289,"z":6.814137935638428},"rotation":{"x":-0.02424681931734085,"y":0.025726143270730974,"z":-0.0009980130707845092,"w":-0.9994346499443054},"size":208.7103271484375,"orthographic":false}