{"cameraMode":{"drawMode":0,"name":"Shaded","section":"Shading Mode"},"sceneLighting":false,"audioPlay":false,"sceneViewState":{"showFog":false,"showMaterialUpdate":false,"showSkybox":false,"showFlares":false,"showImageEffects":false,"showParticleSystems":false},"in2DMode":false,"pivot":{"x":-1.2812950611114503,"y":-2.4637796878814699,"z":-4.690340042114258},"rotation":{"x":-0.00884097721427679,"y":0.9911344051361084,"z":-0.08225484937429428,"w":-0.10544325411319733},"size":8.912178039550782,"orthographic":false}