{"cameraMode":{"drawMode":0,"name":"Shaded","section":"Shading Mode"},"sceneLighting":true,"audioPlay":false,"sceneViewState":{"showFog":false,"showMaterialUpdate":false,"showSkybox":false,"showFlares":false,"showImageEffects":false,"showParticleSystems":false},"in2DMode":false,"pivot":{"x":-65.72120666503906,"y":10.922307014465332,"z":-3.4209558963775636},"rotation":{"x":-0.09830360859632492,"y":-0.9018897414207459,"z":0.2865584194660187,"w":-0.30815038084983828},"size":2.037980079650879,"orthographic":false}