{"cameraMode":{"drawMode":0,"name":"Shaded","section":"Shading Mode"},"sceneLighting":false,"audioPlay":false,"sceneViewState":{"showFog":false,"showMaterialUpdate":false,"showSkybox":false,"showFlares":false,"showImageEffects":false,"showParticleSystems":false},"in2DMode":false,"pivot":{"x":-59.04600143432617,"y":-7.546000003814697,"z":-21.214000701904298},"rotation":{"x":0.07238751649856568,"y":0.38155999779701235,"z":-0.029552262276411058,"w":0.9210522174835205},"size":3.7266716957092287,"orthographic":false}