{"cameraMode":{"drawMode":0,"name":"Shaded","section":"Shading Mode"},"sceneLighting":true,"audioPlay":false,"sceneViewState":{"showFog":false,"showMaterialUpdate":false,"showSkybox":false,"showFlares":false,"showImageEffects":false,"showParticleSystems":false},"in2DMode":false,"pivot":{"x":-62.960601806640628,"y":-7.853626251220703,"z":-32.42967987060547},"rotation":{"x":-0.06777172535657883,"y":-0.645358681678772,"z":0.05715460702776909,"w":-0.758792519569397},"size":4.949999809265137,"orthographic":false}