{"cameraMode":{"drawMode":0,"name":"Shaded","section":"Shading Mode"},"sceneLighting":false,"audioPlay":false,"sceneViewState":{"showFog":false,"showMaterialUpdate":false,"showSkybox":false,"showFlares":false,"showImageEffects":false,"showParticleSystems":false},"in2DMode":false,"pivot":{"x":0.45012733340263369,"y":0.6696547269821167,"z":0.3969380855560303},"rotation":{"x":0.027716662734746934,"y":0.9645424485206604,"z":-0.1105995625257492,"w":0.23812410235404969},"size":3.0232508182525636,"orthographic":false}