{"cameraMode":{"drawMode":0,"name":"Shaded","section":"Shading Mode"},"sceneLighting":false,"audioPlay":false,"sceneViewState":{"showFog":false,"showMaterialUpdate":false,"showSkybox":false,"showFlares":false,"showImageEffects":false,"showParticleSystems":false},"in2DMode":false,"pivot":{"x":-0.7113409042358398,"y":0.2637225091457367,"z":-0.41176319122314455},"rotation":{"x":0.15419328212738038,"y":0.6495378613471985,"z":-0.1362837702035904,"w":0.7319774627685547},"size":2.8578836917877199,"orthographic":false}