{"cameraMode":{"drawMode":0,"name":"Shaded","section":"Shading Mode"},"sceneLighting":false,"audioPlay":false,"sceneViewState":{"showFog":false,"showMaterialUpdate":false,"showSkybox":false,"showFlares":false,"showImageEffects":false,"showParticleSystems":false},"in2DMode":false,"pivot":{"x":0.9437218904495239,"y":-0.37668609619140627,"z":0.280611515045166},"rotation":{"x":0.09133803099393845,"y":0.42041537165641787,"z":-0.042159225791692737,"w":0.9017713665962219},"size":3.410055637359619,"orthographic":false}