{"cameraMode":{"drawMode":0,"name":"Shaded","section":"Shading Mode"},"sceneLighting":true,"audioPlay":false,"sceneViewState":{"showFog":false,"showMaterialUpdate":false,"showSkybox":false,"showFlares":false,"showImageEffects":false,"showParticleSystems":false},"in2DMode":false,"pivot":{"x":1116.60595703125,"y":72.38591766357422,"z":-101.6317367553711},"rotation":{"x":-0.01826416701078415,"y":0.003236905438825488,"z":-0.00043276071664877236,"w":-0.9998878240585327},"size":15.177572250366211,"orthographic":false}