{"cameraMode":{"drawMode":0,"name":"Shaded","section":"Shading Mode"},"sceneLighting":true,"audioPlay":false,"sceneViewState":{"showFog":false,"showMaterialUpdate":false,"showSkybox":false,"showFlares":false,"showImageEffects":false,"showParticleSystems":false},"in2DMode":false,"pivot":{"x":-65.49571990966797,"y":-7.955943584442139,"z":-31.20059585571289},"rotation":{"x":0.15645353496074677,"y":0.35401222109794619,"z":-0.0597505159676075,"w":0.9201393723487854},"size":3.614374876022339,"orthographic":false}